Number,Hotel Names,Hotel Ratings,Number of Reviews,Hotel Prices
1,Shoreline Towers,7.4,28 reviews,$72
2,Shores of Panama III,7.4,95 reviews,$74
3,Ariel Dunes II,8.1,348 reviews,$74
4,Sterling Breeze 3,7.9,166 reviews,$74
5,Emerald Beach Resort,7.7,157 reviews,$74
6,Grand Panama Tower II,8.3,15 reviews,$74
7,Sterling Breeze 2,7.8,23 reviews,$74
8,Travelodge by Wyndham Panama City Beach / Beachfront,7.1,741 reviews,$78
9,Bliss on the Bay,6.6,11 reviews,$80
10,Waterscape B IV,8.6,80 reviews,$84
11,Waterscape B,8.6,10 reviews,$84
12,Waterscape A III,9.1,47 reviews,$84
13,"Laketown 1730 Gorgeous 2 BD bunks, Gulf Views, Best Amenities",6.3,3 reviews,$85
14,Waterscape A II,8.9,15 reviews,$85
15,"Beach Tower Beachfront Hotel, a By The Sea Resort",6.7,"1,627 reviews",$86
16,Waterscape A VIII,8.8,29 reviews,$89
17,Ocean Villa 404,8.3,16 reviews,$91
18,"Laketown 1027 Gorgeous 2 BD plus bunks, Ocean Views, Best Amenities",8.8,4 reviews,$91
19,Gorgeous 2 BD Plus Bunks Laketown Wharf 1531 Condo! Spectacular Amenities!,9.7,3 reviews,$91
20,Waterscape B603,9.4,31 reviews,$92
21,Destin-y 30A Beach Retreat Self Checkin - Huge Private Backyard Deck with Outdoor Shower,9.0,6 reviews,$92
22,Waterscape B II,8.2,24 reviews,$92
23,Waterscape B III,8.7,62 reviews,$92
24,Majestic Beach Resort,8.0,298 reviews,$94
25,Seahorse Hideaway,7.3,9 reviews,$94
26,Cottage on Kelly,9.7,6 reviews,$94
27,Serenity by the Sea - Main House,5.7,6 reviews,$95
28,Waterscape A VI,9.0,108 reviews,$96
29,Waterscape A V,8.7,31 reviews,$96
30,Patio Paradise,9.2,22 reviews,$96
31,Summer Place Townhomes,8.2,26 reviews,$97
32,Vista Del Mar II,7.5,13 reviews,$98
33,After Dune Delight - Main House,9.1,7 reviews,$99
34,Shiloh Shores,9.5,6 reviews,$99
35,Sea Shell Way,6.7,14 reviews,$99
36,Seralago Hotel & Suites Main Gate East,4.7,"2,513 reviews",$110
37,Tidewater Beach Resort 3006,8.2,231 reviews,$101
38,Tidewater Beach Resort X,7.7,116 reviews,$101
39,Tidewater Beach Resort XI,7.1,76 reviews,$101
40,Beachside Paradise Sleeps 8 Pools Mini Golf & More,Exceptional 10,4 external reviews,$101
41,Islander,8.9,55 reviews,$102
42,Tidewater Beach Resort VIII,7.9,154 reviews,$102
43,Cook's Motel,6.6,142 reviews,$104
44,Tidewater Beach Resort XII,7.4,88 reviews,$104
45,Chic Townhouse Steps to the Beach Outdoor Pools,8.5,2 reviews,$105
46,Pinnacle Port Condos,7.7,129 reviews,$105
47,Sterling Breeze 4,8.3,103 reviews,$107
48,Nautical Watch,7.5,65 reviews,$107
49,Incredible comfortable apartments near the airport and beaches,9.0,106 reviews,$108
50,"Spacious Condo Mins to Shands, University, & DOWNTOWN!",8.3,7 reviews,$97
51,Twin Palms 1805,unrated,9 external reviews,$108
52,Southwinds,8.1,115 reviews,$109
53,"PARKING INCLUDED-Beachfront 2BD Ocean Villa! Gorgeous Amenities, Private Complex",9.4,11 reviews,$109
54,"Ocean Front Grand Panama 2 BD 2 BA Unit 1006, Spectacular Amenities",7.0,1 review,$109
55,Tidewater 2710,7.4,5 reviews,$109
56,Waterscape A VII,8.8,131 reviews,$112
57,Fontainebleau Terrace,6.1,153 reviews,$113
58,"Seafoam Shanty in the Shade- Side B- 10 mins to airport, 20 mins to beach",3.0,1 review,$113
59,Boho Bungalow,10,2 reviews,$113
60,Seychelles Beach Resort IV,8.4,299 reviews,$114
61,Seychelles Beach Resort III,8.5,354 reviews,$114
62,La Quinta Inn by Wyndham Tallahassee North,4.9,"1,372 reviews",$115
63,Pirates Cove In-Ground Pool 5 Beds 3 miles to Beach,unrated,no review,$117
64,Windancer Condominiums,7.9,55 reviews,$117
65,Flamingo Hotel & Tower,6.8,522 reviews,$118
66,Luau Condos,8.0,99 reviews,$118
67,"EmOCEANAL Seaport - Heated Pool, Quick Walk 2 Beach, Views of the Gulf",6.0,1 review,$119
68,"Brilliant in Bellview-Back unit-- Mins to NAS Pensacola, Beach, Shopping",9.1,11 reviews,$119
69,"2 C, Three Bedroom Townhome",9.0,6 reviews,$120
70,TOPS'L Summit III,8.6,102 reviews,$120
71,Baymont by Wyndham Tallahassee,6.3,735 reviews,$122
72,Extended Stay Pensacola,3.1,293 reviews,$122
73,The Red Haven Retreat,unrated,no review,$122
74,Fort Lauderdale Grand Hotel,4.5,"1,737 reviews",$123
75,Clarion Inn & Suites Kissimmee-Lake Buena Vista South,5.4,"1,312 reviews",$124
76,"Beachcomber Beachfront Hotel, a By The Sea Resort",6.4,"2,366 reviews",$126
77,"Holiday Terrace Beachfront Hotel, a By The Sea Resort",6.6,"1,140 reviews",$126
78,"Sugar Sands Beachfront Hotel, a By The Sea Resort",7.6,"2,212 reviews",$126
79,Renu at Jacksonville,8.3,342 reviews,$116
80,Sterling Shores IV,8.5,110 reviews,$128
81,Emerald Port of Call,10,2 reviews,$128
82,Laketown Wharf 834,8.8,12 reviews,$129
83,Days Inn by Wyndham Panama City Beach/Ocean Front,7.8,"3,638 reviews",$130
84,Eastern Shores,6.8,41 reviews,$130
85,The Beach Walk,unrated,3 external reviews,$130
86,Lil' Piece of Pensacola I Large Vacation Home I Gulf Coast I Florida,10,3 reviews,$132
87,TOPS'L Summit I,8.5,188 reviews,$132
88,Baymont by Wyndham Midway Tallahassee,6.5,432 reviews,$133
89,Ocean Front Units at Miami Beach,6.6,"1,928 reviews",$134
90,Aqua Resort,7.3,98 reviews,$134
91,Majestic Sun A,8.0,287 reviews,$135
92,Zen Living Suites Extended Stay - Jacksonville - Orange Park,3.4,366 reviews,$135
93,"Charming home with hot tub, minutes from the beach",8.7,26 reviews,$136
94,Maingate Lakeside Resort,4.0,"1,379 reviews",$122
95,Pelican Isle Condominiums,8.9,105 reviews,$137
96,Treasure Cottage,Exceptional 10,4 external reviews,$137
97,Sterling Shores III,8.5,49 reviews,$137
98,Space Coast Hotel Titusville-Kennedy Space Center,5.6,697 reviews,$138
99,Pineapple Villas,7.8,487 reviews,$139
100,Topaz Motel - Flagler Beach,6.4,949 reviews,$139
101,The Summit Condominiums,6.4,822 reviews,$142
